team #,match #,alliance color,starting level,preload,no show,moved forward,auto piece placed,double auto,ship cargo,level 1 cargo,level 2 cargo,level 3 cargo,ship hatches,level 1 hatches,level 2 hatches,level 3 hatches,hatches dropped,cargo dropped,hab attempt level,hab success,hab level reached,climb time,dead,defense,defended
3381,1,0,1,2,0,1,0,0,3,2,1,0,0,0,0,0,0,1,0,0,0,0,0,0,0
7651,1,0,1,1,0,1,0,0,0,0,0,0,0,0,0,0,0,0,1,2,1,0,0,2,0
4381,1,0,1,1,0,1,1,0,0,0,0,0,0,2,2,1,1,0,3,2,3,20,0,0,0
51,1,1,2,1,0,1,0,0,4,0,0,0,2,2,0,0,1,0,2,2,2,7,0,0,1
868,1,1,1,1,0,1,1,0,0,2,2,0,0,2,2,2,0,0,3,2,3,6,0,0,1
3044,1,1,2,2,0,1,0,0,3,2,1,0,0,0,0,0,0,2,1,2,1,0,0,0,1
1792,2,0,1,1,0,1,1,0,0,0,0,0,1,2,1,0,0,0,3,2,3,8,0,0,0
3604,2,0,1,2,0,1,1,0,6,0,1,0,0,0,0,0,0,0,2,2,2,5,0,0,1
5951,2,0,2,1,1,1,1,0,0,0,0,0,0,1,0,0,0,0,2,2,2,7,0,2,0
6401,2,1,2,2,0,1,0,0,1,0,0,0,0,0,0,0,0,0,2,2,2,8,0,2,0
245,2,1,2,1,0,1,0,0,3,2,1,0,1,2,1,0,0,1,3,2,3,16,0,0,0
125,3,0,1,1,0,1,1,0,2,0,2,0,0,0,2,2,1,2,3,2,3,4,0,0,1
3555,3,0,2,1,0,1,1,0,4,2,0,0,1,2,0,0,0,0,2,1,1,0,0,0,0
2500,3,0,2,1,0,1,1,0,0,0,0,0,1,0,0,0,0,0,1,2,1,0,2,2,1
5501,3,1,2,1,0,1,0,0,0,0,0,0,0,0,0,0,2,0,2,2,2,6,0,2,0
503,3,1,1,1,0,1,0,0,0,0,0,0,3,2,1,0,1,0,3,2,3,5,0,0,1
3618,3,1,2,2,0,1,1,0,6,0,0,0,0,0,0,0,0,0,1,2,1,0,0,0,0
1923,4,0,1,1,0,1,1,0,4,2,0,0,0,2,1,0,2,0,1,1,0,0,0,0,1
3624,4,0,2,1,0,1,0,0,0,0,0,0,1,0,0,0,0,0,2,1,1,0,0,2,0
2337,4,0,2,1,0,1,1,0,2,2,0,0,0,2,0,0,0,0,3,2,3,6,0,0,2
250,4,1,2,1,0,1,0,0,0,0,0,0,0,0,0,0,2,0,1,2,1,0,0,1,1
6806,4,1,2,2,0,1,1,0,3,0,0,0,0,0,0,0,0,0,2,2,2,5,0,1,0
1317,4,1,1,1,0,1,1,0,1,0,0,0,2,1,1,0,2,0,2,2,2,6,0,0,1
103,5,0,1,1,0,1,1,0,3,2,2,1,1,0,0,0,0,0,3,2,3,7,0,0,0
225,5,0,2,1,0,1,0,0,1,2,1,0,0,2,2,2,0,2,1,2,1,0,0,0,1
1918,5,0,1,1,0,1,1,0,2,0,1,3,1,1,2,2,0,0,0,0,0,0,0,0,0
3926,5,1,2,1,0,1,1,0,0,0,0,0,0,1,0,0,0,0,3,1,0,0,0,2,0
836,5,1,2,1,0,1,1,0,2,2,0,0,2,0,0,0,0,0,3,2,3,15,0,0,0
236,5,1,1,1,0,1,1,0,0,2,0,0,1,2,2,1,0,0,2,2,2,5,0,0,0
2791,6,0,2,1,0,1,0,0,0,0,0,0,0,0,2,1,0,0,0,0,0,0,2,0,0
4253,6,0,1,1,0,1,0,0,0,0,0,0,0,0,0,1,2,5,3,2,3,3,0,0,0
2502,6,0,2,1,0,1,0,0,3,0,0,0,0,1,0,0,1,0,1,2,1,0,0,0,0
5943,6,1,2,2,0,1,0,0,1,0,0,0,0,0,0,0,0,0,1,2,1,0,0,2,0
5348,6,1,2,2,0,1,0,0,3,0,0,0,2,0,0,0,0,0,3,1,0,0,0,0,0
7480,6,1,1,1,0,1,0,0,2,2,0,0,0,2,0,0,1,0,2,2,2,8,0,0,0
4481,7,0,2,1,0,1,1,0,0,0,0,0,0,4,2,1,1,0,3,1,0,0,0,0,0
5567,7,0,1,1,0,1,1,0,0,0,0,0,1,0,1,1,0,0,3,1,2,11,0,1,0
5811,7,0,1,1,0,1,1,0,3,2,0,0,1,2,0,0,1,1,2,1,1,0,2,0,0
2771,7,1,1,1,0,1,0,0,0,0,0,0,0,1,1,0,0,0,3,2,3,8,1,0,0
7885,7,1,1,1,0,1,1,0,0,0,0,0,1,0,0,0,1,0,1,2,1,0,0,1,0
217,7,1,1,1,0,1,0,0,1,0,0,0,0,2,0,0,1,0,2,2,2,3,0,0,1
1058,8,0,1,1,0,1,1,0,0,2,0,0,1,2,0,0,1,0,2,2,2,4,0,0,1
365,8,0,2,1,0,1,0,0,3,0,0,0,0,1,0,0,1,0,3,2,3,11,0,0,2
2830,8,0,2,1,0,1,0,0,0,0,0,0,0,0,0,0,1,0,2,1,1,0,0,2,0
190,8,1,2,1,0,1,0,0,1,0,0,0,0,1,1,0,4,0,3,2,3,8,0,0,2
771,8,1,2,1,0,1,0,0,0,0,0,0,0,0,0,0,1,0,1,2,1,0,0,2,0
3707,8,1,1,1,0,1,1,0,5,2,0,0,3,2,0,0,0,0,3,2,3,9,0,0,0
3146,9,0,2,1,0,1,1,0,2,2,0,0,0,2,1,0,0,1,2,1,1,0,0,0,0
3542,9,0,1,1,0,1,1,0,0,2,2,2,1,2,2,2,0,0,2,2,2,9,0,0,0
1218,9,0,2,1,0,1,1,0,3,0,0,0,1,0,0,0,0,1,3,2,3,3,0,0,0
7462,9,0,2,1,0,1,0,0,0,0,0,0,1,0,0,0,1,0,1,2,1,0,0,0,0
7719,9,1,2,1,0,1,0,0,0,0,0,0,0,0,1,0,0,0,0,0,0,0,0,0,0
449,9,1,1,1,0,1,1,0,1,2,0,0,2,4,0,0,1,0,3,2,3,11,0,0,0
88,10,0,2,1,0,1,1,0,1,3,0,0,1,4,0,0,1,0,3,2,3,7,0,0,0
191,10,0,1,1,0,1,0,0,0,0,0,0,0,0,0,0,0,0,0,0,0,0,3,1,0
5084,10,0,2,1,0,1,1,0,6,1,0,0,1,0,0,0,0,0,2,2,2,5,0,0,0
3667,10,1,1,1,0,1,1,0,2,1,0,0,1,3,0,0,0,0,3,2,3,4,0,0,0
175,10,1,1,1,0,1,1,0,0,2,0,1,1,0,0,0,0,1,2,2,2,10,0,0,0
1676,10,1,2,1,0,1,1,0,0,0,0,1,1,0,1,2,2,1,2,2,2,4,0,0,0
1024,11,0,2,1,0,1,1,0,0,0,0,0,2,2,0,1,1,3,1,2,1,0,0,0,0
353,11,0,2,0,0,1,0,0,0,0,0,0,0,0,0,0,0,0,2,1,1,0,0,2,0
772,11,0,1,1,0,1,0,0,4,0,0,0,0,0,0,0,1,1,3,2,3,10,0,0,0
7673,11,1,2,1,0,1,1,0,0,0,0,0,0,0,0,0,0,0,2,2,2,5,0,1,1
2265,11,1,2,1,0,1,0,0,3,0,0,0,1,0,0,0,1,1,2,1,1,0,0,0,0
4143,11,1,1,1,0,1,0,0,2,0,0,0,0,1,0,0,1,0,3,2,3,9,0,0,2
1781,12,0,2,1,0,1,0,0,0,0,0,0,1,0,0,0,0,0,2,2,2,25,0,1,0
2771,12,0,1,1,0,1,0,0,1,0,0,0,0,1,1,1,1,1,3,2,3,9,0,0,1
250,12,0,2,1,0,1,0,0,1,0,0,0,1,0,0,0,0,0,1,2,1,0,0,1,1
6401,12,1,2,2,0,0,0,0,0,0,0,0,0,0,0,0,0,0,1,2,1,0,0,2,0
16,12,1,1,1,0,1,1,0,1,2,2,2,0,2,2,2,0,0,1,1,0,0,0,0,1
868,12,1,2,1,0,1,0,0,2,1,0,0,0,2,0,0,1,0,3,1,1,0,0,0,2
2830,13,0,2,1,0,1,0,0,2,0,0,0,1,0,0,0,0,1,2,2,2,20,0,0,0
836,13,0,1,1,0,1,1,1,0,2,0,0,2,4,0,0,0,1,3,2,3,9,0,0,2
1317,13,0,2,2,0,1,0,0,0,0,0,0,0,0,0,0,0,2,2,2,2,7,0,0,0
5348,13,1,2,2,0,1,0,0,4,1,0,0,0,0,0,0,0,1,1,2,1,0,0,0,0
7651,13,1,2,2,0,1,0,0,0,0,0,0,0,0,0,0,0,1,1,2,1,0,0,2,2
5501,13,1,1,1,0,1,1,0,0,0,0,0,2,3,0,0,0,0,3,1,2,4,0,0,0
4253,14,0,1,1,0,1,1,0,3,0,0,2,1,1,1,0,1,1,1,2,1,0,0,0,1
225,14,0,2,1,0,1,1,0,0,0,0,0,0,1,1,2,0,1,1,2,1,0,0,0,2
51,14,0,2,1,0,1,1,0,4,0,0,0,3,1,0,0,0,0,3,2,3,7,0,0,0
6806,14,1,1,1,0,1,0,0,0,0,0,0,0,0,0,0,0,0,2,2,2,4,0,2,0
449,14,1,1,1,0,1,1,1,2,1,0,0,1,1,0,0,0,1,1,2,1,0,0,0,0
503,14,1,1,1,0,1,1,0,0,2,2,0,0,2,2,0,1,0,3,2,3,9,0,0,0
7462,15,0,2,1,0,0,0,0,0,0,0,0,0,0,0,0,2,0,1,2,1,0,0,1,0
1218,15,0,1,1,0,1,0,0,0,0,0,0,1,2,2,1,2,0,2,2,2,5,0,0,1
3604,15,0,2,2,0,1,0,0,7,1,0,0,0,0,0,0,0,2,3,2,3,10,0,0,1
3667,15,1,2,1,0,1,0,0,0,0,0,0,1,2,0,0,2,0,3,2,3,5,0,0,1
3044,15,1,2,2,0,1,1,0,6,2,0,0,0,0,0,0,0,1,2,2,2,2,0,0,0
7480,15,1,1,1,0,0,0,0,0,0,0,0,0,0,0,0,1,0,2,2,2,4,0,2,2
771,16,0,2,1,0,1,1,0,0,0,0,0,1,0,0,0,0,0,1,2,1,0,0,2,0
1058,16,0,1,1,0,1,0,0,0,0,0,0,1,2,1,2,1,0,2,1,1,0,0,0,1
3618,16,0,2,2,0,1,1,0,4,1,0,0,0,0,0,0,0,0,2,1,1,0,0,0,1
3624,16,1,1,1,0,1,1,0,0,0,0,0,1,1,0,0,1,0,2,2,2,7,0,0,0
2502,16,1,2,2,0,1,1,0,5,0,0,0,1,0,0,0,0,0,3,2,3,5,0,0,0
1676,16,1,2,1,0,1,1,0,2,0,0,2,0,1,0,2,0,0,2,2,2,3,0,0,0
1690,17,0,2,1,0,1,1,0,3,2,2,2,1,2,2,2,0,0,2,1,1,0,0,0,0
3542,17,0,1,1,0,1,1,0,0,0,2,1,1,2,2,1,1,3,3,2,3,4,0,0,0
2265,17,1,2,1,0,1,1,0,3,0,0,0,0,0,0,0,1,1,1,2,1,0,0,0,0
7885,17,1,2,0,0,1,0,0,0,0,0,0,0,0,0,0,0,0,2,1,1,0,0,2,0
175,17,1,1,1,0,1,0,0,1,1,0,0,2,1,0,0,0,0,2,1,1,0,0,0,0
125,17,1,1,1,0,1,1,1,0,0,2,2,0,0,2,2,0,1,3,2,3,5,1,0,1
245,18,0,2,1,0,1,1,0,0,2,2,0,0,2,2,1,0,1,3,2,3,15,0,0,0
1923,18,0,1,1,0,1,1,0,0,0,0,1,0,2,2,2,1,1,1,1,0,0,0,0,1
3381,18,0,1,2,0,1,0,0,3,2,1,0,0,0,0,0,0,0,1,2,1,0,0,0,0
5811,18,1,2,0,0,1,0,0,0,0,0,0,0,0,0,0,0,0,0,0,0,0,2,2,2
772,18,1,2,1,0,1,0,0,3,0,0,0,1,0,0,0,0,0,2,2,2,4,0,0,0
88,18,1,2,1,0,1,1,0,4,2,0,0,0,3,0,0,1,0,3,2,3,3,0,0,0
190,19,0,2,1,0,1,1,0,5,1,0,0,1,1,0,0,0,2,3,2,3,10,0,0,0
5951,19,0,2,1,0,1,0,0,0,0,0,0,0,1,0,0,0,0,2,2,2,11,0,2,0
217,19,0,1,1,0,1,1,0,0,1,2,2,0,1,2,2,1,1,0,0,0,0,0,0,0
2791,19,1,2,1,0,1,0,0,0,0,0,0,0,0,2,0,1,0,0,0,0,0,2,0,0
3146,19,1,1,1,0,1,1,0,2,1,0,0,1,0,0,0,0,0,3,2,3,8,0,1,1
1918,19,1,2,1,0,1,1,0,1,2,2,1,0,2,2,2,0,0,0,0,0,0,0,0,2
4481,20,0,2,1,0,1,0,0,0,0,0,0,0,2,0,0,0,0,3,2,3,10,0,2,0
5943,20,0,2,2,0,1,1,0,2,3,0,0,0,0,0,0,0,1,0,0,0,0,0,0,0
7673,20,0,1,1,0,1,1,0,1,0,0,0,2,1,0,0,0,0,0,0,0,0,1,0,0
103,20,1,2,1,0,1,1,0,0,0,2,0,0,1,2,2,1,0,2,1,1,0,0,0,0
4143,20,1,2,1,0,1,0,0,0,1,1,0,0,1,0,0,0,1,3,2,3,11,0,0,1
7719,20,1,2,1,0,1,0,0,2,0,0,0,0,0,0,0,1,0,1,2,1,0,0,1,0
365,21,0,1,1,0,1,1,0,4,2,0,0,1,2,0,0,0,1,3,2,3,9,0,0,0
353,21,0,2,0,0,1,0,0,0,0,0,0,0,0,0,0,0,0,2,2,2,10,0,2,0
191,21,0,2,1,0,1,1,0,0,0,0,0,1,1,2,0,2,0,2,2,2,8,0,0,0
16,21,1,1,1,0,1,1,0,0,0,2,2,0,1,2,2,0,0,1,2,1,0,0,0,1
2500,21,1,2,1,0,1,1,0,0,0,0,0,1,0,0,0,0,0,0,0,0,0,0,2,2
1792,21,1,1,1,0,1,1,0,0,0,0,0,1,2,2,0,0,2,3,1,2,6,0,0,0
3926,22,0,2,1,0,1,1,0,1,0,0,0,4,2,0,0,2,0,3,2,3,13,0,0,1
3707,22,0,1,2,0,1,1,0,6,3,3,0,0,0,0,0,0,0,3,1,1,0,0,0,1
5567,22,0,1,1,0,1,1,0,0,0,0,0,1,0,3,0,1,0,2,2,2,8,0,0,1
3555,22,1,2,1,0,1,1,0,5,2,0,0,0,2,0,0,0,0,2,2,2,9,0,0,0
1781,22,1,1,1,0,1,0,0,0,0,0,0,1,0,0,0,0,0,1,2,1,0,0,2,2
2337,22,1,2,1,0,1,1,0,3,2,0,0,0,2,0,0,2,1,3,2,3,4,0,0,0
236,23,0,1,1,0,1,1,0,0,0,2,1,0,2,2,2,0,0,2,1,1,0,0,0,0
4481,23,0,1,1,0,1,1,0,2,1,0,2,1,0,0,0,0,1,0,0,0,0,0,0,0
2771,23,0,1,1,0,1,1,0,0,2,2,1,0,2,2,2,0,0,3,2,3,8,0,0,0
2502,23,1,2,2,0,1,0,0,5,0,0,0,0,1,0,0,0,0,3,2,3,9,0,0,0
5084,23,1,1,1,0,1,1,0,0,2,2,1,2,0,0,0,1,0,2,2,2,3,0,0,0
1024,23,1,2,1,0,1,1,0,0,0,0,0,1,2,2,1,0,0,1,2,1,0,0,0,0
245,24,0,2,1,0,1,1,0,6,1,2,0,1,0,0,0,0,1,3,2,3,4,0,0,1
1218,24,0,1,1,0,1,1,0,1,0,0,0,1,0,0,0,0,0,0,0,0,0,0,2,0
1918,24,0,2,1,0,1,1,0,0,1,0,1,0,2,2,1,2,2,1,2,1,0,0,0,1
2791,24,1,1,1,0,1,1,0,0,0,0,0,1,0,0,0,0,0,1,2,1,0,0,2,0
125,24,1,2,1,0,1,1,0,0,1,1,2,0,2,2,2,0,0,3,2,3,10,0,0,0
7651,24,1,2,2,0,1,0,0,1,0,1,0,0,0,0,0,0,0,1,2,1,0,0,0,1
2830,25,0,2,1,0,1,0,0,4,0,0,0,1,2,0,0,1,1,2,2,2,10,0,0,0
225,25,0,2,1,0,1,1,0,2,1,0,0,0,1,0,1,0,0,3,2,3,5,0,0,2
7885,25,0,1,0,0,1,0,0,0,0,0,0,0,0,0,0,0,0,1,2,1,0,0,2,0
3146,25,1,1,1,0,1,0,0,0,0,0,0,2,1,0,0,3,1,3,2,3,11,0,0,0
250,25,1,2,1,0,1,0,0,0,0,0,0,0,0,0,0,1,0,1,2,1,0,0,2,2
3618,25,1,1,1,0,1,0,0,1,0,1,0,0,0,0,0,0,0,1,2,1,0,0,0,1
3667,26,0,2,1,0,1,1,0,3,1,1,0,2,1,0,0,0,0,1,2,1,0,0,0,0
217,26,0,1,1,0,1,1,0,0,0,2,2,0,2,2,2,0,1,2,2,2,13,0,0,0
4253,26,0,1,2,0,1,1,0,2,0,0,0,0,0,2,2,0,0,3,2,3,2,0,0,0
7719,26,1,1,0,1,0,0,0,0,0,0,0,0,0,0,0,0,0,0,0,0,0,0,0,0
365,26,1,2,1,0,1,0,0,0,2,1,2,0,0,0,2,0,2,2,2,2,3,0,0,0
1792,26,1,1,1,0,1,1,0,0,0,0,0,2,2,1,0,1,0,3,1,2,4,0,0,0
7480,27,0,1,1,0,1,0,0,4,0,0,0,1,0,0,0,1,1,2,2,2,5,0,0,0
7673,27,0,2,1,0,1,1,0,4,0,0,0,1,1,0,0,0,0,2,2,2,7,0,0,0
3624,27,0,2,1,0,1,0,0,0,0,0,0,1,0,0,0,0,0,0,0,0,0,0,2,0
5951,27,1,2,1,0,1,0,0,3,0,0,0,0,0,0,0,1,1,2,1,1,0,0,0,0
3542,27,1,1,1,0,0,0,0,1,0,0,0,0,2,2,2,0,0,3,1,1,0,0,0,2
868,27,1,2,1,0,1,1,0,0,2,0,0,1,2,0,0,0,1,1,1,0,0,0,0,0
5348,28,0,2,2,0,1,1,0,7,0,0,0,0,0,0,0,0,0,3,2,3,5,0,0,0
772,28,0,1,1,0,0,0,0,0,0,0,0,2,0,0,0,0,0,1,2,1,0,0,1,1
2337,28,0,2,1,0,1,1,0,0,0,0,0,0,1,0,0,0,0,0,0,0,0,2,0,0
3555,28,1,2,1,0,1,1,0,2,0,0,0,2,1,0,0,1,0,2,2,2,6,0,0,0
6401,28,1,1,2,0,1,1,0,1,0,0,0,0,0,0,0,0,0,2,2,2,3,0,2,0
51,28,1,2,2,0,1,0,0,3,4,0,0,0,1,0,0,0,1,3,2,3,4,0,0,0
4381,29,0,1,1,0,1,1,0,0,0,0,0,0,2,2,2,1,0,3,2,3,6,0,0,0
5943,29,0,2,2,0,1,1,0,2,2,1,0,0,0,0,0,0,1,2,1,1,0,0,0,0
191,29,0,2,1,0,1,1,0,0,0,0,0,0,1,1,0,0,0,1,2,1,0,0,1,0
190,29,1,2,1,0,1,0,0,4,0,0,0,0,0,0,0,1,0,3,2,3,9,0,0,0
1781,29,1,1,1,0,1,1,0,0,0,0,0,0,0,0,0,0,0,2,2,2,4,0,1,1
1690,29,1,2,1,0,1,1,1,2,0,2,2,0,1,2,2,0,2,0,0,0,0,0,0,0
836,30,0,1,1,0,1,1,0,0,2,0,0,1,2,0,0,2,0,3,2,3,6,0,0,0
1058,30,0,1,1,0,1,1,0,0,2,2,0,0,2,2,0,0,1,2,2,2,8,0,0,0
2265,30,0,2,1,0,1,0,0,3,0,0,0,0,0,0,0,1,1,1,1,0,0,0,0,0
2265,30,0,2,1,0,1,0,0,0,0,0,0,0,0,0,0,1,0,0,0,0,0,3,1,0
836,30,0,1,1,0,1,1,0,1,2,0,0,2,2,0,0,0,2,3,1,2,6,0,0,0
1058,30,0,1,1,0,1,1,0,0,2,0,0,0,2,2,1,0,0,3,2,3,7,0,0,0
449,30,1,1,1,0,1,1,0,1,2,0,0,2,2,0,0,0,0,2,2,2,6,0,0,0
5084,30,1,2,1,0,1,1,0,6,1,0,0,1,0,0,0,0,1,3,2,3,5,0,0,0
1923,30,1,1,1,0,1,1,0,1,0,2,2,0,2,2,2,0,0,3,2,3,3,0,0,0
5084,30,1,2,1,0,1,0,0,5,1,1,0,0,1,0,0,0,0,3,2,3,10,0,0,0
1923,30,1,1,1,0,1,0,0,0,1,0,1,0,3,2,2,2,0,0,0,0,0,0,0,0
5084,30,1,2,1,0,1,0,0,5,1,1,0,0,1,0,0,0,0,3,2,3,10,0,0,0
103,31,0,1,1,0,1,0,0,0,0,0,0,0,2,2,2,2,0,2,2,2,10,0,0,0
3381,31,0,1,2,0,1,0,0,3,1,0,0,0,0,0,0,0,1,1,2,1,0,0,0,0
16,31,0,1,1,0,1,1,0,0,0,2,1,0,2,2,2,1,1,3,2,3,4,0,0,0
1676,31,1,1,1,0,1,1,0,0,1,0,0,1,2,2,2,0,0,1,2,1,0,0,0,0
1024,31,1,2,1,0,1,0,0,0,0,0,0,0,0,0,0,0,0,0,0,0,0,1,0,0
3604,31,1,2,2,0,1,1,0,5,0,2,2,0,0,0,0,0,0,3,2,3,7,0,0,0
6806,32,0,1,2,0,1,1,0,5,0,0,0,0,0,0,0,0,0,2,2,2,6,0,0,0
3707,32,0,1,1,0,1,1,0,0,2,1,0,0,2,2,0,0,2,3,2,3,5,0,0,0
236,32,0,1,1,0,1,0,0,2,0,0,0,1,0,0,1,1,0,2,2,2,7,0,0,1
2500,32,1,1,1,0,1,1,0,0,0,0,0,1,0,0,0,0,0,1,2,1,0,0,2,0
3926,32,1,2,1,0,1,1,0,0,0,0,0,3,2,0,0,3,0,2,2,2,5,0,0,1
4481,32,1,2,1,0,1,1,0,0,0,0,0,0,2,3,2,2,0,3,1,0,0,0,0,0
1317,33,0,2,2,0,1,1,0,1,0,0,0,1,2,1,0,1,0,2,2,2,7,0,0,0
3044,33,0,2,2,0,1,0,0,0,0,0,0,0,0,0,0,0,1,2,2,2,7,0,0,0
5501,33,0,1,1,0,1,0,0,0,0,0,0,1,0,0,0,0,0,2,2,2,10,0,1,0
5567,33,1,1,1,0,0,0,0,0,0,0,0,1,1,2,2,0,0,2,2,2,9,0,0,1
88,33,1,2,1,0,1,1,0,1,1,2,1,0,2,0,0,0,0,2,2,2,3,0,0,0
4143,33,1,2,1,0,1,1,0,3,1,0,1,1,1,0,0,0,1,3,2,3,11,0,0,0
5811,34,0,1,1,0,1,1,0,0,0,0,0,0,1,0,0,0,0,0,0,0,0,3,0,0
7462,34,0,2,1,0,1,1,0,0,0,0,0,2,0,0,0,2,0,0,0,0,0,2,1,1
503,34,0,1,1,0,1,1,0,0,3,0,0,1,2,0,0,0,1,3,2,3,12,0,0,0
175,34,1,1,1,0,1,0,0,0,2,0,0,0,2,0,0,3,1,1,2,1,0,0,0,0
771,34,1,2,1,0,1,0,0,0,0,0,0,1,0,0,0,0,0,3,1,1,0,1,2,0
353,34,1,2,2,0,1,0,0,4,0,0,0,0,0,0,0,0,3,2,1,1,0,0,0,0
868,35,0,2,1,0,1,1,0,0,2,1,2,0,2,2,2,3,0,3,2,3,5,0,0,0
1058,35,0,1,1,0,1,1,0,1,2,0,0,2,0,0,0,0,2,1,2,1,0,0,0,0
5943,35,0,2,2,0,1,1,0,1,0,1,0,0,0,0,0,0,0,1,2,1,0,0,2,0
1792,35,1,1,1,0,1,1,0,0,0,0,0,1,1,1,0,1,0,2,2,2,8,0,0,0
3618,35,1,1,2,0,1,1,0,4,0,0,0,0,0,0,0,0,2,1,2,1,0,0,0,0
2337,35,1,2,1,0,1,1,0,3,2,0,0,0,2,0,0,1,0,3,2,3,4,0,0,1
191,36,0,1,1,0,0,0,0,0,0,0,0,0,1,0,0,0,0,2,1,1,0,0,0,0
2265,36,0,1,1,0,1,0,0,0,0,0,0,0,1,0,0,1,2,2,1,1,0,0,0,0
51,36,0,2,1,0,1,1,0,5,1,0,0,1,0,0,0,0,1,3,2,3,9,0,0,0
3146,36,1,2,1,0,1,0,0,3,1,2,1,0,1,0,0,1,0,2,1,1,0,0,0,0
245,36,1,1,1,0,1,1,0,4,0,0,1,2,0,0,0,3,0,3,2,3,10,0,0,0
103,36,1,1,1,0,1,1,0,0,0,1,1,0,1,2,2,1,0,2,2,2,6,0,0,0
1676,37,0,2,1,0,1,0,0,3,2,2,0,1,1,0,1,0,0,0,0,0,0,0,0,0
1923,37,0,1,1,0,1,1,0,0,1,0,0,0,2,2,2,1,0,3,1,1,0,0,0,0
1690,37,0,2,1,0,1,1,1,0,1,2,0,0,2,3,1,0,0,0,0,0,0,0,0,1
1690,37,0,2,1,0,1,1,1,6,0,1,0,0,0,2,1,0,1,3,2,3,7,0,0,0
1923,37,0,1,1,0,1,1,0,0,0,0,0,0,2,2,2,0,1,1,2,1,0,0,0,0
1676,37,0,2,1,0,1,1,0,0,3,1,1,1,0,0,0,0,1,2,1,1,0,0,0,0
2771,37,1,1,1,0,1,1,0,0,1,0,0,0,2,0,0,0,3,3,2,3,7,0,0,0
7719,37,1,2,0,0,1,0,0,0,0,0,0,0,0,0,0,0,0,1,2,1,0,0,2,0
2791,37,1,2,1,0,1,1,0,1,0,2,2,0,1,2,2,0,0,2,1,1,0,0,0,0
2771,37,1,1,1,0,1,1,0,0,1,2,2,1,2,1,0,0,0,1,1,0,0,0,0,0
7719,37,1,2,0,0,0,0,0,0,0,0,0,0,0,0,0,0,0,1,2,1,0,0,0,0
2791,37,1,1,1,0,0,0,0,0,0,0,0,1,2,1,1,0,0,3,2,3,9,0,0,0
3542,38,0,1,1,0,1,1,0,3,0,0,0,2,2,2,0,0,0,3,2,3,10,0,0,1
3667,38,0,2,1,0,1,1,0,3,1,0,0,1,1,0,0,0,1,1,2,1,0,0,1,1
236,38,0,1,2,0,1,1,0,0,0,0,0,0,1,1,0,2,1,1,2,1,0,0,0,1
772,38,1,2,1,0,1,0,0,4,0,0,0,1,0,0,0,0,0,2,2,2,13,0,0,0
16,38,1,1,1,0,1,1,0,2,0,1,2,0,2,2,2,0,0,3,1,1,0,0,0,0
5567,38,1,1,1,0,1,0,0,0,0,0,0,0,0,0,0,1,0,2,2,2,8,0,2,0
503,39,0,1,1,0,1,1,0,4,1,0,0,1,0,0,0,0,2,3,1,1,0,0,0,1
7885,39,0,2,1,0,1,1,0,0,0,0,0,1,3,0,0,3,0,2,1,0,0,0,0,1
3624,39,0,2,1,0,1,1,0,0,0,0,0,0,1,0,0,0,0,1,2,1,0,0,2,1
5348,39,1,2,2,0,1,1,0,6,1,0,0,2,0,0,0,0,0,1,2,1,0,0,0,1
1218,39,1,2,1,0,1,1,0,1,0,0,0,1,0,0,0,0,0,3,2,3,5,0,2,2
3707,39,1,1,1,0,1,0,0,0,2,0,0,1,4,1,0,1,0,3,1,1,0,0,0,1
4381,40,0,1,1,0,1,0,0,2,0,0,0,0,0,0,1,0,0,3,2,3,17,0,0,1
6806,40,0,2,2,0,1,1,0,1,0,0,0,0,0,0,0,0,0,1,1,0,0,0,2,0
217,40,0,1,1,0,1,1,0,3,0,0,0,0,0,1,0,1,0,1,2,1,0,0,0,2
3604,40,1,2,2,0,1,1,0,6,3,0,0,0,0,0,0,0,3,2,1,1,0,0,0,1
836,40,1,1,1,0,1,1,1,0,2,0,0,3,1,0,0,0,0,3,2,3,10,0,0,1
771,40,1,2,1,0,1,0,0,0,0,0,0,0,0,0,0,1,0,2,1,0,0,0,2,0
449,41,0,1,1,0,1,1,0,1,2,0,0,2,2,0,0,0,0,3,1,1,0,0,0,0
2830,41,0,2,1,0,1,0,0,0,0,0,0,1,0,0,0,0,0,2,2,2,7,0,2,0
3555,41,0,2,1,0,1,0,0,4,2,0,0,1,2,0,0,0,1,2,1,1,0,0,0,0
5951,41,1,1,1,0,1,0,0,5,1,0,0,1,0,0,0,1,0,2,2,2,4,0,0,0
88,41,1,2,1,0,1,1,0,0,2,1,0,0,2,0,0,0,1,3,2,3,5,0,0,1
4481,41,1,2,1,0,1,1,0,0,0,0,0,1,1,1,1,0,0,2,2,2,7,0,0,1
4143,42,0,2,1,0,1,1,0,0,1,0,0,0,2,2,2,0,1,1,2,1,0,0,0,1
250,42,0,1,1,0,1,1,0,0,0,0,0,0,0,0,0,0,0,1,2,1,0,0,2,0
5084,42,0,2,1,0,1,0,0,4,2,0,0,1,0,0,0,1,0,3,2,3,18,0,0,0
7480,42,1,2,1,0,1,0,0,0,0,0,0,1,0,0,0,0,0,2,2,2,4,0,1,0
190,43,0,2,1,0,1,1,0,0,0,0,0,1,2,0,1,0,2,2,2,2,11,0,0,1
2502,43,0,2,2,0,1,0,0,6,0,0,0,0,0,0,0,0,1,3,2,3,11,0,0,1
2500,43,1,1,1,0,1,1,0,0,0,0,0,1,2,0,0,0,0,1,2,1,0,0,1,1
7651,43,1,2,2,0,1,0,0,2,2,0,0,0,0,0,0,0,1,1,2,1,0,0,0,1
7673,43,1,2,1,0,1,0,0,1,1,1,0,0,1,0,0,1,1,2,2,2,9,0,0,0
1781,44,0,1,1,0,1,1,0,0,0,0,0,1,0,0,0,0,0,3,2,3,11,0,2,0
175,44,0,2,1,0,1,0,0,5,1,2,1,0,0,0,0,1,0,2,2,2,12,0,0,0
1918,44,0,2,1,0,1,1,0,2,0,1,1,1,0,0,2,0,1,1,1,0,0,0,0,0
1317,44,1,2,0,0,1,0,0,0,0,0,0,0,0,0,0,0,0,0,0,0,0,3,1,0
225,44,1,2,1,0,1,1,0,0,1,1,2,0,2,2,2,0,0,3,2,3,8,0,0,1
3381,44,1,1,2,0,1,0,0,4,0,1,0,0,0,0,0,0,1,1,2,1,0,0,0,1
1024,45,0,1,1,0,1,1,0,0,0,0,0,2,3,2,0,0,0,1,2,1,0,0,0,1
6401,45,0,2,2,0,1,0,0,0,0,0,0,0,0,0,0,0,1,2,2,2,8,0,2,0
3044,45,0,2,2,0,1,0,0,7,1,0,0,0,0,0,0,0,0,2,2,2,10,0,0,0
3926,45,1,2,1,0,1,1,0,0,0,0,0,3,2,0,0,0,0,3,2,3,14,0,0,0
353,45,1,2,2,0,0,0,0,0,0,0,0,0,0,0,0,0,1,2,1,1,0,0,2,0
125,45,1,1,1,0,1,1,0,2,0,0,0,0,0,2,2,0,1,3,2,3,5,0,0,2
103,46,0,1,1,0,1,1,0,1,1,0,0,0,1,0,0,1,1,3,1,0,0,0,0,2
5501,46,0,2,1,0,1,0,0,0,0,0,0,0,0,0,0,1,0,2,1,1,0,1,2,0
5951,46,0,2,1,0,1,1,0,5,1,0,0,0,0,0,0,0,0,2,2,2,9,0,0,1
771,46,1,2,1,0,1,1,0,0,0,0,0,1,0,0,0,0,0,1,2,1,0,0,2,0
7885,46,1,2,0,0,1,0,0,0,0,0,0,0,0,0,0,0,0,1,2,1,0,0,2,0
4253,46,1,1,2,0,1,1,0,7,0,0,0,1,0,0,0,0,1,3,2,3,5,0,0,0
836,47,0,1,1,0,1,1,0,0,0,0,0,1,1,0,0,0,0,3,2,3,12,0,2,0
1676,47,0,2,1,0,1,1,0,1,1,1,4,0,0,0,2,0,1,2,2,2,5,0,0,0
3542,47,0,1,1,0,1,1,0,1,1,1,1,1,2,2,2,0,0,1,2,1,0,0,0,0
2337,47,1,2,1,0,1,1,0,1,1,0,0,0,2,2,0,0,0,3,2,3,8,0,0,1
4143,47,1,1,1,0,1,1,0,3,0,0,0,0,1,0,1,2,0,2,2,2,7,0,0,1
1218,47,1,2,1,0,1,0,0,3,1,0,0,2,0,0,0,0,1,2,2,2,7,0,0,0
7673,48,0,1,1,0,1,1,0,0,0,0,0,0,0,0,0,0,0,1,2,1,0,0,2,0
51,48,0,2,2,0,1,1,0,2,0,0,0,2,0,0,0,0,1,3,2,3,6,0,0,2
2502,48,0,2,2,0,1,0,0,3,1,0,0,0,2,0,0,0,0,3,2,3,25,0,0,0
3604,48,1,2,2,0,1,1,0,7,3,0,0,0,0,0,0,0,0,3,2,3,9,0,0,0
250,48,1,2,2,0,1,1,0,1,0,0,0,0,0,0,0,0,0,1,2,1,0,0,1,1
1923,48,1,1,1,0,1,1,0,1,0,1,0,2,4,2,0,1,0,1,2,1,0,0,0,0
1317,49,0,2,0,0,1,0,0,0,0,0,0,0,0,0,0,0,0,2,2,2,6,0,2,0
5811,49,0,1,1,0,1,1,0,4,2,0,0,3,2,0,0,1,0,1,2,1,0,0,0,0
3667,49,0,2,1,0,1,1,0,2,2,0,0,3,2,0,0,0,1,3,2,3,9,0,0,1
3146,49,1,2,1,0,1,1,0,3,2,0,0,2,2,0,0,0,2,3,2,3,9,0,0,0
1690,49,1,1,1,0,1,1,1,2,0,2,0,0,1,2,2,1,0,2,1,1,0,0,0,1
1792,50,0,1,1,0,1,1,0,0,0,0,0,1,0,3,0,1,0,3,2,3,16,0,0,0
3624,50,0,2,1,0,1,0,0,0,0,0,0,0,1,0,0,0,0,2,1,1,0,0,2,0
3555,50,0,2,1,0,1,1,0,4,2,0,0,1,2,0,0,0,1,2,1,1,0,0,0,0
3044,50,1,2,2,0,1,0,0,3,1,4,0,0,0,0,0,0,0,1,2,1,0,0,0,0
1918,50,1,2,1,0,1,1,0,3,1,1,1,2,2,1,1,1,1,0,0,0,0,0,0,0
16,50,1,1,1,0,1,1,0,2,1,2,0,0,0,2,0,0,0,3,2,3,8,0,0,0
217,51,0,1,1,0,1,1,0,0,2,2,0,0,1,1,2,0,1,1,2,1,0,0,0,1
7651,51,0,2,2,0,1,0,0,0,0,0,0,0,0,0,0,0,1,1,2,1,0,0,2,0
772,51,0,1,1,0,1,1,0,3,0,0,0,0,0,0,0,0,2,3,2,3,15,0,0,1
449,51,1,1,1,0,1,0,0,1,2,0,0,1,3,0,0,1,0,3,2,3,10,0,0,0
191,51,1,2,1,0,0,0,0,0,0,0,0,0,0,0,0,0,0,2,1,1,0,0,2,0
3618,51,1,2,2,0,1,1,0,4,0,0,0,0,0,0,0,0,0,0,0,0,0,3,0,1
2771,52,0,1,1,0,1,1,0,2,0,1,0,0,0,0,0,0,3,3,2,3,11,0,0,2
175,52,0,2,1,0,1,0,0,1,0,0,0,0,1,1,2,1,0,2,2,2,9,0,0,1
2500,52,0,2,1,0,1,1,0,0,0,0,0,1,1,0,0,0,0,1,2,1,0,0,1,1
3926,52,1,2,1,0,1,1,0,0,0,0,0,3,1,0,0,1,0,2,2,2,6,0,0,1
2830,52,1,1,1,0,1,1,0,0,0,0,0,0,0,0,0,0,0,0,0,0,0,2,2,0
5348,52,1,2,2,0,1,1,0,5,0,0,0,0,0,0,0,0,1,3,2,3,8,0,0,1
6401,53,0,2,2,0,1,1,0,1,0,0,0,0,0,0,0,0,0,2,2,2,6,0,2,0
1781,53,0,1,1,0,1,1,0,2,0,0,0,1,0,0,0,1,0,3,2,3,11,0,0,1
6806,53,0,2,2,0,1,1,0,3,0,0,0,0,0,0,0,1,0,2,2,2,7,0,0,1
5501,53,1,1,1,0,1,1,0,0,0,0,0,0,0,0,0,0,0,2,2,2,8,0,2,1
7480,53,1,1,1,0,1,0,0,3,1,0,0,0,0,0,0,1,0,1,2,1,0,0,0,1
1058,53,1,1,1,0,1,1,0,0,0,0,0,0,2,0,2,1,0,2,2,2,5,0,0,2
868,54,0,2,1,0,1,0,0,2,2,0,0,1,1,1,0,0,1,3,2,3,4,0,0,1
4253,54,0,2,2,0,1,1,0,1,0,0,0,0,0,0,0,0,0,1,2,1,0,0,2,0
103,54,0,1,1,0,1,1,0,4,2,0,0,1,2,0,0,0,1,1,2,1,0,0,0,0
225,54,1,2,1,0,1,1,0,2,2,0,0,0,2,0,1,0,1,3,2,3,9,0,0,2
125,54,1,1,1,0,1,1,0,0,1,2,2,0,2,2,2,3,0,3,1,0,0,0,0,0
236,54,1,1,1,0,1,1,0,1,1,0,0,1,0,0,0,0,0,2,1,1,0,0,1,0
2265,55,0,1,1,0,1,1,0,3,0,0,0,2,0,0,0,0,0,2,2,2,14,0,0,0
353,55,0,2,2,0,1,1,0,1,0,0,0,0,0,0,0,0,0,2,2,2,9,0,2,0
7719,55,0,2,2,0,1,0,0,3,0,0,0,0,0,0,0,1,0,1,2,1,0,0,0,0
3381,55,1,1,2,0,1,1,0,4,0,0,0,0,0,0,0,0,3,1,2,1,0,0,0,1
3707,55,1,1,1,0,1,1,0,2,2,0,0,0,2,0,0,0,0,1,2,1,0,0,1,0
2791,55,1,2,1,0,1,1,0,0,2,2,2,0,2,2,2,0,1,3,2,3,6,0,0,0
1024,56,0,2,1,0,1,1,0,0,0,0,0,1,3,3,0,0,0,1,2,1,0,0,0,0
245,56,0,2,1,0,1,0,0,5,1,0,0,3,1,0,0,0,0,1,2,1,0,0,0,1
503,56,0,1,1,0,1,0,0,0,0,0,0,0,0,0,0,1,0,3,2,3,8,0,0,2
5567,56,1,1,1,0,1,1,0,0,0,0,0,0,1,0,0,0,0,2,2,2,8,0,2,2
5084,56,1,2,1,0,1,0,0,5,0,1,0,0,1,0,0,0,0,2,2,2,5,0,0,0
190,56,1,2,1,0,1,0,0,1,2,0,0,0,1,1,2,1,0,3,2,3,10,0,0,0
4381,57,0,1,1,0,1,1,0,3,1,1,0,1,0,0,0,0,1,1,2,1,0,0,0,1
1918,57,0,2,1,0,1,1,0,1,1,1,0,0,2,1,2,0,0,0,0,0,0,0,0,1
365,57,0,1,1,0,1,0,0,3,0,0,0,2,0,0,0,0,1,3,2,3,11,0,0,0
4381,57,0,1,1,0,1,1,0,2,0,1,1,1,1,0,0,1,1,1,2,1,0,0,0,1
1918,57,0,2,1,0,1,1,0,1,0,2,1,0,2,2,2,0,0,1,2,1,0,0,0,1
365,57,0,2,1,0,1,1,0,5,0,0,0,2,1,0,0,0,0,3,2,3,10,0,0,0
3542,57,1,1,1,0,1,1,0,0,2,1,0,1,2,2,0,2,1,0,0,0,0,0,0,1
7462,57,1,2,2,0,1,0,0,0,0,0,0,0,0,0,0,0,0,0,0,0,0,3,0,0
4481,57,1,2,1,0,1,1,0,0,0,0,0,1,0,0,0,0,0,3,1,0,0,0,2,0
3542,57,1,1,1,0,1,1,0,0,2,2,2,1,2,2,2,0,1,1,2,1,0,0,0,0
7462,57,1,2,1,0,1,0,0,4,0,0,0,1,0,0,0,0,1,1,2,1,0,0,0,0
4481,57,1,2,1,0,1,1,0,0,0,0,0,1,0,0,0,0,0,3,2,3,6,0,2,0
2502,58,0,2,2,0,1,0,0,4,2,0,0,0,0,0,0,0,0,3,2,3,15,0,0,1
1792,58,0,1,1,0,1,1,0,0,0,0,0,2,1,1,0,1,0,2,2,2,7,0,0,1
103,58,0,1,1,0,1,0,0,3,1,0,0,1,2,0,1,1,0,2,2,2,3,0,0,1
175,58,1,2,1,0,1,0,0,0,0,2,0,0,0,1,2,1,0,2,2,2,6,0,0,0
5811,58,1,1,1,0,1,1,0,3,2,0,0,2,2,0,0,0,0,0,0,0,0,0,0,0
6806,58,1,2,2,0,1,1,0,3,0,0,0,0,0,0,0,0,0,2,2,2,6,0,1,1
5501,59,0,2,0,0,0,0,0,0,0,0,0,0,0,0,0,0,0,2,2,2,7,0,2,0
236,59,0,2,1,0,1,1,0,2,0,0,0,1,1,0,1,0,1,1,2,1,0,0,0,1
1690,59,0,1,1,0,1,1,1,3,1,1,0,1,1,2,0,0,0,3,2,3,8,0,0,2
250,59,1,2,2,0,1,1,0,1,0,0,0,0,0,0,0,0,0,1,2,1,0,0,2,0
217,59,1,1,1,0,1,0,0,0,2,0,0,1,2,0,0,0,2,2,2,2,10,0,0,2
1218,59,1,2,1,0,1,1,0,3,0,0,0,1,0,0,0,0,1,3,2,3,6,0,0,0
3146,60,0,2,1,0,1,1,0,2,2,0,0,1,2,0,0,0,1,3,2,3,7,0,0,1
191,60,0,2,1,0,1,1,0,0,0,0,0,0,0,0,0,0,0,2,2,2,3,0,2,0
4253,60,0,1,2,0,1,0,0,3,0,0,0,0,1,0,0,0,2,1,2,1,0,0,0,1
3555,60,1,2,1,0,1,1,0,0,0,0,0,1,0,0,0,0,0,2,2,2,5,0,2,0
3381,60,1,1,2,0,1,0,0,7,0,0,0,0,0,0,0,0,1,1,2,1,0,0,0,1
1058,60,1,1,1,0,1,1,0,0,0,0,0,1,3,0,0,1,1,3,2,3,13,0,0,1
7719,61,0,2,2,0,1,0,0,0,0,0,0,0,0,0,0,0,1,2,1,1,0,0,0,2
16,61,0,1,1,0,1,1,0,3,0,1,0,2,2,2,1,0,0,3,2,3,12,0,0,0
7651,61,0,2,2,0,1,0,0,1,0,0,0,0,0,0,0,0,0,1,2,1,0,0,2,0
771,61,1,1,1,0,1,1,0,0,0,0,0,1,0,0,0,0,0,2,1,1,0,0,2,0
2337,61,1,2,1,0,1,1,0,2,1,0,0,2,2,1,0,0,0,3,2,3,10,0,0,0
5084,61,1,2,1,0,1,1,0,0,1,1,0,2,2,0,0,1,0,2,2,2,9,0,0,1
4143,62,0,1,1,0,1,1,0,3,0,2,1,0,1,0,0,0,0,3,2,3,13,0,0,0
125,62,0,1,1,0,1,1,0,0,1,2,1,0,1,3,2,0,0,3,1,1,0,0,0,0
5951,62,0,2,1,0,1,1,0,1,0,0,0,0,1,0,0,0,0,2,2,2,11,0,2,0
1923,62,1,1,1,0,1,1,0,0,1,0,0,0,2,1,0,1,1,3,1,1,0,0,0,1
3707,62,1,1,1,0,1,1,0,2,2,2,0,0,2,2,1,1,0,1,2,1,0,0,0,1
4381,62,1,1,1,0,1,1,0,5,0,0,0,1,0,0,0,0,2,3,2,3,14,0,0,1
1676,63,0,2,1,0,1,1,0,3,0,0,1,0,0,0,2,0,0,1,2,1,0,2,0,1
4481,63,0,1,1,0,0,0,0,0,0,0,0,0,0,0,0,1,0,3,2,3,4,0,2,0
868,63,0,2,1,0,1,1,0,1,2,2,1,0,2,2,2,0,0,2,1,1,0,0,0,0
51,63,1,2,1,0,1,0,0,5,0,0,0,1,0,0,0,0,1,3,2,3,5,0,0,0
353,63,1,2,2,0,1,1,0,1,0,0,0,0,0,0,0,0,0,2,2,2,11,0,2,0
190,63,1,1,1,0,1,1,0,0,0,0,0,1,2,0,2,0,0,0,0,0,0,2,0,2
3618,64,0,2,2,0,1,1,0,1,0,0,0,0,0,0,0,0,1,2,1,1,0,0,1,1
3667,64,0,1,1,0,1,1,0,1,1,0,0,1,3,0,0,0,2,3,2,3,6,0,0,0
5567,64,0,1,1,0,1,1,0,0,0,0,0,1,0,3,0,1,0,2,2,2,8,0,0,2
5348,64,1,2,2,0,1,0,0,3,1,0,0,0,0,0,0,0,2,3,1,1,0,0,0,1
7673,64,1,1,1,0,1,1,0,0,0,0,0,1,1,1,0,2,0,1,2,1,0,0,0,0
6401,64,1,2,2,0,1,1,0,1,0,0,0,0,0,0,0,0,0,2,1,1,0,0,2,0
88,65,0,2,1,0,1,1,0,6,1,0,0,1,2,0,0,0,2,3,2,3,7,0,0,0
1317,65,0,1,1,0,1,0,0,0,0,0,0,1,2,1,0,2,0,2,2,2,6,0,0,0
7480,65,0,2,1,0,1,0,0,0,0,0,0,1,0,0,0,0,0,2,2,2,11,0,2,0
2265,65,1,2,1,0,1,0,0,3,0,0,0,1,0,0,0,0,1,2,1,1,0,0,0,1
503,65,1,1,1,0,1,1,0,0,0,2,2,1,2,2,2,0,1,0,0,0,0,0,0,0
3926,65,1,2,1,0,1,1,0,0,0,0,0,2,1,0,0,2,0,3,2,3,9,0,0,2
365,66,0,2,1,0,1,0,0,0,1,1,0,0,1,2,2,0,1,1,2,1,0,0,0,1
5943,66,0,2,2,0,1,0,0,0,0,0,0,0,0,0,0,0,1,2,2,2,8,0,2,0
772,66,0,1,1,0,1,0,0,0,1,0,0,0,0,0,0,1,0,3,2,3,15,0,0,0
2771,66,1,1,1,0,1,1,0,0,2,2,1,0,2,2,2,0,0,1,2,1,0,0,0,0
836,66,1,2,1,0,1,1,0,0,2,0,0,2,2,0,0,1,0,3,2,3,12,0,0,1
3044,66,1,2,2,0,1,1,0,6,0,0,0,0,0,0,0,0,1,2,1,1,0,0,0,0
7885,67,0,2,1,0,1,1,0,0,0,0,0,1,1,1,0,0,1,1,2,1,0,0,0,1
2500,67,0,1,1,0,1,1,0,0,0,0,0,1,0,0,0,0,0,1,2,1,0,0,2,0
2791,67,0,2,1,0,1,1,1,1,2,2,2,0,2,2,2,0,1,1,2,1,0,0,0,0
1781,67,1,2,1,0,1,0,0,0,0,0,0,0,0,0,0,1,0,2,1,1,0,0,2,0
449,67,1,1,1,0,1,1,0,1,0,0,0,2,4,0,0,0,0,3,1,1,0,0,0,0
3604,67,1,2,2,0,1,1,0,6,1,0,0,0,0,0,0,0,1,3,1,1,0,0,0,2
7462,68,0,1,1,0,1,0,0,1,1,0,0,1,0,0,0,0,1,1,2,1,0,0,2,0
1024,68,0,2,1,0,1,1,0,1,0,0,0,1,1,2,0,0,1,2,1,1,0,0,0,0
225,68,0,2,1,0,1,1,0,3,1,2,0,1,2,0,0,0,2,3,2,3,12,0,0,1
3624,68,1,2,1,0,1,0,0,0,0,0,0,1,0,0,0,0,0,2,1,1,0,0,2,0
2830,68,1,1,1,0,1,1,0,5,2,0,0,1,1,0,0,1,2,2,1,1,0,0,0,0
245,68,1,2,1,0,1,1,0,0,0,2,0,0,2,2,1,1,0,3,2,3,4,0,0,2
1218,69,0,2,1,0,1,0,0,2,2,0,0,0,0,0,0,1,0,3,2,3,7,0,0,0
5567,69,0,1,1,0,1,1,0,0,0,0,0,2,2,1,0,1,0,2,2,2,4,0,0,0
7673,69,0,2,1,0,1,1,0,3,0,0,0,0,2,0,0,0,1,2,1,1,0,0,0,0
5084,69,1,2,2,0,1,0,0,2,1,0,0,0,0,0,0,2,4,3,1,2,4,0,0,0
1792,69,1,1,1,0,1,0,0,0,0,0,0,1,2,2,0,1,0,2,1,1,0,0,0,1
3381,69,1,1,2,0,1,1,0,4,1,0,0,0,0,0,0,1,3,1,2,1,0,0,0,0
236,70,0,2,1,0,1,1,0,1,0,0,0,2,0,0,0,0,1,3,2,3,12,0,0,2
7651,70,0,2,2,0,1,0,0,1,0,0,0,0,0,0,0,0,0,2,1,1,0,0,2,0
175,70,0,1,1,0,1,1,0,2,1,0,0,1,2,0,0,2,0,2,2,2,4,0,0,1
6401,70,1,2,2,0,1,1,0,1,0,0,0,0,0,0,0,0,0,2,2,2,6,0,2,0
1923,70,1,1,1,0,1,1,0,1,2,0,0,1,2,2,0,3,0,1,2,1,0,0,0,1
3146,70,1,2,1,0,1,1,0,2,2,0,0,0,2,1,0,0,0,3,2,3,12,0,0,1
1918,71,0,2,1,0,1,1,0,2,2,2,1,0,2,2,2,0,0,1,2,1,0,0,0,1
190,71,0,2,1,0,1,1,0,0,0,0,0,1,2,2,2,0,0,3,2,3,9,0,0,0
4253,71,0,1,1,0,1,1,0,3,2,0,0,1,0,0,0,0,1,1,1,0,0,0,0,1
51,71,1,2,1,0,1,0,0,0,0,0,0,0,0,0,0,1,0,3,2,3,6,2,2,0
2771,71,1,2,1,0,1,1,0,0,2,2,2,0,2,2,2,0,0,2,1,1,0,0,0,0
3707,71,1,1,1,0,1,1,0,6,2,2,0,0,2,2,1,0,0,3,2,3,8,0,0,0
3044,72,0,2,2,0,1,1,0,4,1,2,0,0,0,0,0,0,0,2,2,2,5,0,0,1
5951,72,0,2,1,0,1,1,0,3,2,0,0,0,3,0,0,0,0,2,2,2,9,0,0,0
365,72,0,1,1,0,1,1,0,0,0,0,0,1,1,1,2,0,0,0,0,0,0,2,0,0
2265,72,1,1,1,0,1,1,0,2,0,0,0,2,1,0,0,1,1,1,1,0,0,0,0,0
6806,72,1,2,2,0,1,1,0,3,0,0,0,0,0,0,0,0,0,2,2,2,10,0,1,0
3618,72,1,2,2,0,1,0,0,3,0,0,0,0,0,0,0,0,3,1,1,0,0,0,0,0
7480,73,0,1,1,0,1,0,0,2,0,0,0,0,0,0,0,1,1,1,2,1,0,0,1,0
217,73,0,1,1,0,1,1,0,0,2,2,2,0,2,2,2,0,0,3,2,3,11,0,0,0
2830,73,0,1,1,0,1,0,0,0,0,0,0,0,0,0,0,0,0,0,0,0,0,2,0,0
2337,73,1,2,1,0,1,1,0,0,0,1,0,0,2,2,0,0,2,3,2,3,7,0,0,0
4381,73,1,1,1,0,1,1,0,3,1,0,0,1,0,0,2,0,0,2,1,1,0,0,0,0
103,73,1,1,1,0,1,1,0,3,3,2,0,0,2,2,0,1,0,2,1,1,0,0,0,1
7885,74,0,2,1,0,1,0,0,0,0,0,0,0,0,0,0,1,0,1,2,1,0,0,2,0
3555,74,0,2,1,0,1,1,0,4,2,0,0,1,2,0,0,0,1,2,2,2,5,0,0,0
1676,74,0,2,1,0,1,1,0,0,2,2,2,0,2,2,2,0,1,2,2,2,10,0,0,0
1317,74,1,1,2,0,1,1,0,1,1,0,0,0,1,0,0,2,0,2,1,1,0,0,0,1
245,74,1,2,1,0,1,1,0,6,0,0,0,2,0,1,0,0,0,3,2,3,7,0,0,1
7462,74,1,2,1,0,1,0,0,0,0,0,0,0,0,0,0,2,1,0,0,0,0,0,0,0
771,75,0,2,1,0,1,1,0,0,0,0,0,1,0,0,0,0,0,2,1,1,0,0,2,0
5943,75,0,2,2,0,1,0,0,3,0,0,0,0,0,0,0,0,2,2,2,2,6,2,0,0
2500,75,0,1,1,0,1,1,0,0,0,0,0,3,1,0,0,3,0,1,2,1,0,0,0,0
3542,75,1,1,1,0,1,1,0,3,0,0,0,1,1,1,0,0,1,2,2,2,8,0,0,1
88,75,1,2,1,0,1,1,0,3,2,2,2,0,2,0,0,0,1,3,2,3,5,0,0,0
1024,75,1,2,1,0,1,1,0,0,0,0,0,1,1,3,2,0,0,1,2,1,0,0,0,0
5348,76,0,2,2,0,1,1,0,4,0,0,0,0,0,0,0,0,1,1,2,1,0,0,0,1
4143,76,0,2,1,0,1,1,0,0,0,0,0,1,0,0,0,0,0,1,1,0,0,0,2,0
16,76,0,1,1,0,1,1,1,0,0,2,0,0,3,2,1,2,0,3,2,3,12,0,0,0
1058,76,1,1,1,0,1,1,0,0,0,0,0,1,0,0,0,0,0,2,2,2,10,0,2,0
1690,76,1,2,1,0,1,1,0,3,0,2,0,1,1,2,2,0,1,1,2,1,0,0,0,1
225,76,1,2,1,0,1,0,0,3,2,0,2,0,2,2,2,1,0,1,2,1,0,0,0,1
449,77,0,1,1,0,1,1,0,0,0,0,0,2,1,0,0,0,0,2,2,2,7,0,1,0
3926,77,0,2,1,0,1,0,0,0,0,0,0,0,0,0,0,0,0,0,0,0,0,3,0,0
2502,77,0,2,0,0,1,0,0,3,1,0,0,0,0,0,0,0,1,3,2,3,9,0,0,1
5501,77,1,1,1,0,1,0,0,3,0,0,0,0,1,0,0,2,0,2,2,2,9,0,0,0
3667,77,1,2,1,0,1,1,0,2,0,0,0,4,2,0,0,0,0,3,2,3,5,0,0,0
353,77,1,2,1,0,1,0,0,1,0,0,0,1,0,0,0,0,0,2,1,1,0,0,1,1
3624,78,1,1,1,0,0,1,0,0,0,0,0,1,0,0,0,0,0,2,2,2,12,0,2,0
1781,78,0,2,1,0,1,0,0,3,0,0,0,1,0,0,0,0,2,2,2,2,9,0,0,0
7719,78,0,2,1,0,1,0,0,0,0,0,0,0,0,0,0,0,0,2,2,2,22,0,1,0
125,78,1,2,1,0,1,1,0,0,0,0,0,0,1,2,2,0,0,0,0,0,0,2,0,0
5811,78,1,1,1,0,1,0,1,4,1,0,0,0,2,0,0,3,0,1,1,0,0,0,0,0
772,79,1,1,1,0,1,0,0,2,0,0,0,1,0,0,0,0,0,3,2,3,11,0,0,1
4481,79,0,2,1,0,1,0,0,0,0,0,0,0,2,2,0,0,0,3,2,3,5,0,1,0
503,79,0,1,1,0,1,1,0,0,2,3,2,1,1,0,1,0,0,1,2,1,0,0,0,0
250,79,1,2,2,0,1,1,0,1,0,0,0,0,0,0,0,0,0,1,2,1,0,0,2,2
191,79,1,2,1,0,1,0,0,3,1,0,0,0,2,0,0,1,2,2,2,2,3,0,0,0
2791,79,0,1,1,0,1,1,0,2,0,0,0,2,0,1,0,0,1,2,1,1,0,0,0,1
836,78,0,1,1,0,1,1,0,0,1,0,0,2,2,0,0,0,1,3,2,3,9,0,0,2
5567,80,1,1,1,0,1,1,0,0,0,0,0,1,0,0,0,0,0,3,2,3,10,0,2,0
2830,80,0,2,1,0,1,1,0,0,0,0,0,0,2,0,0,1,0,2,2,2,7,0,1,1
175,80,0,1,1,0,1,0,0,0,0,0,0,0,2,1,0,2,0,2,2,2,6,0,0,1
3618,80,0,2,2,0,1,1,0,5,4,0,0,0,0,0,0,0,0,3,1,1,0,0,0,1
868,80,1,2,1,0,1,1,0,1,2,0,0,0,1,2,0,2,2,1,2,1,0,0,0,1
16,81,0,1,1,0,1,1,0,1,2,0,0,0,4,2,0,0,0,3,2,3,10,0,0,0
7673,81,0,2,1,0,1,0,0,0,0,0,0,0,0,0,0,0,0,2,2,2,7,0,2,0
88,81,1,2,1,0,1,1,0,2,2,0,0,1,2,0,0,1,1,3,2,3,5,0,0,1
7885,81,1,1,1,0,1,0,0,0,0,0,0,0,0,0,0,1,0,1,2,1,0,0,2,2
190,81,0,2,1,0,1,1,0,5,0,0,0,1,0,0,0,0,1,3,1,0,0,0,0,1
225,82,0,2,1,0,1,1,0,3,2,0,0,0,2,0,2,1,1,2,2,2,7,0,0,0
3542,82,1,1,1,0,1,1,0,1,0,1,0,1,0,0,0,0,1,2,2,2,5,0,0,2
6806,81,1,2,2,0,1,1,0,5,0,0,0,0,0,0,0,0,0,2,2,2,5,0,0,1
5084,82,1,2,1,0,1,1,0,2,1,1,0,1,0,0,0,0,0,3,2,3,6,0,0,0
6401,82,0,2,2,0,1,0,0,0,0,0,0,0,0,0,0,0,1,2,2,2,4,0,2,0
51,83,1,1,1,0,1,0,0,4,1,0,0,1,0,0,0,0,0,3,2,3,7,0,0,1
1690,83,0,2,1,0,1,1,1,6,0,2,0,1,1,2,1,0,0,3,2,3,7,0,0,2
7462,83,0,1,1,0,1,0,0,0,0,0,0,0,0,0,0,1,0,1,2,1,0,0,2,0
217,82,1,1,1,0,1,1,0,0,2,0,1,0,2,2,2,0,0,2,2,2,3,0,0,1
1024,83,1,2,1,0,1,0,0,0,0,0,0,0,2,0,0,1,0,1,2,1,0,0,0,1
3707,82,0,1,1,0,1,1,0,3,2,2,0,1,2,2,1,1,0,3,1,1,0,0,0,0
3618,83,0,2,2,0,1,0,0,1,0,0,0,0,0,0,0,3,0,2,2,2,11,0,1,0
836,83,1,2,1,0,1,1,0,0,0,0,0,2,0,0,0,0,0,3,2,3,5,0,1,0
1792,84,0,1,1,0,1,0,0,0,0,0,0,0,3,0,0,2,0,3,2,3,14,0,0,0
250,84,0,2,2,0,1,1,0,1,0,0,0,0,0,0,0,0,0,2,1,1,0,0,2,0
3926,84,1,2,1,0,1,1,0,0,0,0,0,2,0,0,0,0,0,2,1,1,0,0,0,2
7719,84,1,2,1,0,1,0,0,0,0,0,0,0,0,0,0,1,0,1,2,1,0,0,0,2
4381,84,0,1,1,0,1,1,0,4,1,0,0,1,0,0,0,0,3,2,1,1,0,0,0,0
772,84,1,1,1,0,1,1,0,3,1,0,0,1,2,0,0,0,0,3,1,1,0,0,0,0
103,85,1,1,1,0,1,1,0,1,2,1,0,0,1,1,1,1,2,2,2,2,4,0,0,1
1218,85,0,2,1,0,1,1,0,1,0,0,0,1,0,0,0,0,0,3,2,3,7,0,2,0
2771,85,0,1,1,0,1,1,0,0,2,2,2,0,2,2,2,0,0,0,0,0,0,0,0,0
125,85,0,1,1,0,1,1,0,0,2,1,2,0,2,2,2,2,1,0,0,0,0,0,0,0
1058,85,1,1,1,0,1,1,0,0,0,0,0,0,1,2,2,0,0,3,2,3,12,0,0,1
1317,85,1,2,2,0,1,1,0,3,0,0,0,0,0,0,0,2,0,2,2,2,4,0,0,0
3555,86,0,2,1,0,1,0,0,3,0,0,0,1,0,0,0,2,0,2,2,2,4,0,0,1
4143,86,0,2,1,0,1,1,0,4,0,1,0,0,1,2,0,1,0,3,2,3,12,0,0,0
2791,86,1,1,1,0,1,0,0,1,0,2,0,0,0,2,2,1,0,2,2,2,3,0,0,1
1781,86,1,2,1,0,1,0,0,0,0,0,0,0,0,0,0,1,0,2,2,2,8,0,2,0
771,86,0,1,1,0,1,1,0,0,0,0,0,1,0,0,0,0,0,2,1,1,0,0,2,0
2502,87,1,2,1,0,1,0,0,4,1,0,0,1,0,0,0,0,0,3,2,3,6,0,0,0
503,87,0,1,1,0,1,1,0,0,0,1,0,1,0,1,1,3,1,2,1,1,0,0,0,1
5951,87,0,2,1,0,1,1,0,2,4,0,0,0,3,0,0,0,0,2,2,2,17,0,0,0
2337,87,0,2,1,0,1,1,0,2,1,1,0,1,1,1,0,0,1,3,1,1,0,0,0,1
4481,88,0,1,1,0,1,1,0,1,0,0,0,2,3,2,2,1,0,3,2,3,9,0,0,1
4481,88,0,1,1,0,1,1,0,0,0,0,0,1,2,2,2,2,0,3,2,3,7,0,0,1
353,88,0,2,2,0,1,1,0,1,0,0,0,0,0,0,0,0,0,2,2,2,6,0,1,0
5943,88,1,2,2,0,1,0,0,3,1,0,0,0,0,0,0,0,0,2,1,1,0,0,0,0
3667,86,1,2,1,0,1,1,0,6,0,0,0,1,1,0,0,0,1,3,2,3,4,0,0,1
236,87,1,2,1,0,1,1,0,2,0,0,2,1,2,0,1,0,0,2,2,2,4,0,0,0
3604,88,1,2,2,0,1,1,0,2,1,0,0,0,0,0,0,0,2,3,1,1,0,0,0,2
3624,88,1,1,1,0,1,1,0,0,0,0,0,1,2,0,0,2,0,2,2,2,4,0,0,1
353,88,0,1,2,0,1,1,0,1,0,0,0,0,0,0,0,0,0,2,2,2,6,0,1,0
3044,89,1,2,2,0,1,0,0,3,2,0,0,0,0,0,0,0,1,2,2,2,6,0,0,0
5811,89,0,1,2,0,1,1,0,2,1,0,0,3,2,0,0,0,1,1,1,0,0,0,0,0
1676,89,1,2,1,0,1,1,0,4,0,0,0,2,0,0,2,1,1,2,2,2,3,0,0,1
2500,89,0,2,1,0,1,1,0,0,0,0,0,1,0,0,0,0,0,2,1,1,0,0,2,0
3146,89,0,2,1,0,1,1,0,1,2,2,0,1,2,2,1,2,0,3,1,1,0,0,0,0
4253,89,1,1,2,0,1,1,0,1,0,0,0,0,2,2,1,1,1,1,2,1,0,0,0,0
5348,90,0,2,2,0,1,1,0,3,0,0,0,0,0,0,0,2,2,3,1,1,0,0,0,0
868,90,1,2,1,0,1,0,0,0,1,0,0,1,2,1,0,1,0,3,2,3,8,0,0,1
1918,90,0,2,1,0,1,1,0,3,2,0,0,0,2,2,1,0,0,1,2,1,0,0,0,1
245,90,1,1,1,0,1,1,0,7,1,0,0,1,1,0,0,0,0,2,1,1,0,0,0,1
365,90,1,2,2,0,1,1,0,1,0,0,0,0,0,0,0,0,0,2,2,2,9,0,0,0
449,90,0,1,1,0,1,1,0,0,0,0,0,2,0,0,0,0,0,2,2,2,9,0,2,0
191,91,1,2,1,0,1,1,0,1,2,0,0,0,2,0,0,2,1,2,2,2,7,0,0,1
1923,91,0,1,1,0,1,0,0,0,0,0,0,0,2,0,0,2,0,1,2,1,0,0,0,1
7480,91,0,1,1,0,1,0,0,0,0,0,0,0,0,0,0,1,0,2,2,2,14,0,2,0
2771,91,0,1,1,0,1,1,0,4,0,0,0,0,1,0,0,0,0,3,2,3,14,0,0,1
5501,91,1,1,1,0,1,1,0,1,0,0,0,1,0,0,0,0,0,3,2,3,16,0,2,0
225,91,1,2,1,0,1,1,0,4,2,0,0,1,2,0,0,2,1,1,2,1,0,0,0,1
175,92,0,1,1,0,1,1,0,0,0,2,0,1,2,2,0,0,0,2,2,2,8,0,0,0
51,92,0,2,1,0,1,0,0,6,3,0,0,0,0,0,0,1,0,2,2,2,5,0,0,1
16,92,1,1,1,0,1,1,0,0,0,2,2,0,2,1,2,0,0,3,1,1,0,0,0,0
1218,92,1,2,1,0,1,0,0,0,0,0,0,2,2,0,0,0,0,2,2,2,10,0,1,0
5951,92,1,2,1,0,1,1,0,7,3,0,0,2,0,0,0,0,0,2,2,2,16,0,0,0
3926,92,0,1,1,0,1,1,0,0,0,0,0,4,2,0,0,1,0,3,2,3,13,0,0,0
88,93,0,2,1,0,1,1,0,3,2,1,0,1,1,0,0,0,1,3,2,3,8,0,0,2
250,93,0,1,2,0,1,1,0,1,0,0,0,0,0,0,0,0,0,2,1,1,0,0,2,0
7651,93,1,1,0,0,1,0,0,0,0,0,0,0,0,0,0,0,0,1,2,1,0,0,2,0
103,93,1,1,1,0,1,1,0,5,2,0,0,1,2,0,0,0,0,3,2,3,4,0,0,2
7462,93,1,2,1,0,1,0,0,0,0,0,0,0,0,0,0,2,0,1,2,1,0,0,0,2
5084,94,0,1,1,0,1,1,0,2,0,0,0,2,1,0,0,1,3,2,1,1,0,0,0,0
3604,95,0,2,2,0,1,1,0,5,2,2,2,0,0,0,0,0,0,2,1,1,0,0,0,1
3624,96,0,2,1,0,0,0,0,0,0,0,0,1,0,0,0,0,0,2,1,1,0,0,2,0
3044,97,0,2,2,0,1,1,0,5,2,0,0,0,0,0,0,0,1,2,2,2,4,0,0,1
245,98,0,2,1,0,1,1,0,1,2,0,0,1,2,1,1,2,0,2,1,1,0,0,0,2
1781,99,0,1,1,0,1,1,0,0,0,0,0,1,0,0,0,0,0,2,2,2,10,0,2,0
503,100,0,1,1,0,1,1,0,1,0,0,0,1,0,0,0,1,0,3,2,3,5,0,2,0
1923,101,0,1,1,0,1,0,0,3,2,1,0,1,2,0,0,0,0,1,2,1,0,0,0,0
772,102,0,1,1,0,1,0,0,3,0,0,0,0,0,0,0,1,0,3,2,3,15,0,0,1
1317,94,1,2,0,0,1,0,0,0,0,0,0,0,0,0,0,0,0,1,2,1,0,0,2,0
236,95,1,2,1,0,1,1,0,2,1,1,0,1,2,2,0,0,0,3,2,3,9,0,0,0
3381,96,1,1,2,0,1,1,0,4,0,0,0,0,0,0,0,0,0,1,2,1,0,0,1,1
191,97,1,2,1,0,1,1,0,4,0,0,0,1,0,0,0,1,1,2,2,2,6,0,0,1
3667,98,1,2,1,0,1,1,0,3,1,0,0,2,2,0,0,1,1,3,2,3,8,0,0,0
5348,99,1,2,2,0,1,0,0,2,3,0,0,0,0,0,0,0,1,1,2,1,0,0,0,0
7673,100,1,2,1,0,1,1,0,0,0,0,0,1,1,0,0,0,0,1,2,1,0,0,1,0
3555,101,1,1,1,0,1,1,0,4,1,0,0,1,2,0,0,0,1,2,2,2,7,0,0,1
7480,102,1,1,1,0,1,1,0,0,0,0,0,1,0,0,0,0,0,2,1,1,0,0,2,0
1058,95,0,2,1,0,1,1,0,0,0,0,0,1,1,2,2,0,0,3,2,3,11,0,1,1
6401,96,0,2,2,0,1,1,0,3,0,0,0,0,0,0,0,0,0,2,2,2,8,0,0,0
7719,97,0,2,0,0,1,0,0,0,0,0,0,0,0,0,0,0,0,2,1,1,0,0,2,0
2337,98,0,2,1,0,1,1,0,2,2,1,0,0,2,1,0,0,0,3,2,3,7,0,0,0
5501,99,0,2,1,0,1,0,0,3,0,0,0,0,1,0,0,2,0,2,1,1,0,0,0,0
1676,100,0,2,1,0,1,1,0,0,0,0,0,1,0,0,0,2,0,2,2,2,1,0,0,1
6806,101,0,2,2,0,1,1,0,2,0,0,0,0,0,0,0,0,0,2,2,2,7,0,1,0
771,102,0,2,1,0,1,0,0,0,0,0,0,0,0,0,0,1,0,2,1,1,0,0,2,0
4253,94,1,2,2,0,1,1,0,5,1,0,0,1,0,0,0,1,0,1,2,1,0,0,0,1
5811,95,1,1,1,0,1,0,0,5,2,0,0,2,2,0,0,0,0,1,2,1,0,0,0,0
190,96,1,2,1,0,1,0,0,0,0,0,0,0,1,1,1,4,0,3,2,3,7,0,0,2
836,97,1,2,1,0,1,0,0,0,2,0,0,2,2,0,0,0,0,3,2,3,9,0,0,0
2500,98,1,1,1,0,1,0,0,0,0,0,0,1,0,0,0,0,0,1,2,1,0,0,2,0
4481,99,1,1,1,0,1,1,0,1,0,0,0,2,2,2,2,0,0,3,2,3,4,0,1,0
365,100,1,1,2,0,1,1,0,6,1,1,0,0,0,0,0,0,0,3,1,0,0,0,0,1
1024,101,1,2,1,0,1,0,0,0,0,0,0,1,2,2,0,3,0,1,2,1,0,0,0,0
1918,102,1,2,1,0,1,1,0,1,0,2,2,1,1,1,2,0,0,1,2,1,0,0,0,1
175,103,1,1,1,0,1,1,0,3,1,0,0,0,2,0,0,0,1,2,2,2,3,0,0,1
449,96,0,1,1,0,1,1,0,2,1,0,0,1,2,0,0,1,2,3,1,0,0,0,0,0
2502,97,0,1,1,0,1,0,0,1,0,0,0,2,2,0,0,0,0,3,2,3,10,0,0,1
2265,98,0,1,1,0,1,0,0,3,0,0,0,1,0,0,0,0,1,2,1,1,0,0,0,1
3146,99,0,2,1,0,1,1,0,3,1,0,0,0,2,0,0,0,1,3,2,3,5,0,0,1
125,100,0,1,1,0,1,1,0,2,2,2,2,0,2,2,2,0,1,1,2,1,0,0,0,1
868,101,0,2,1,0,1,1,0,1,1,0,0,0,2,2,2,1,0,0,0,0,0,0,0,1
1690,102,0,2,1,0,1,1,1,3,2,2,0,1,2,2,0,1,1,1,2,1,0,0,0,1
245,103,0,2,1,0,1,1,0,0,0,1,0,1,2,2,0,0,0,2,2,2,8,0,0,2
836,103,0,1,1,0,1,1,1,0,2,0,0,2,2,0,0,0,0,3,2,3,10,0,1,0
3542,94,1,1,1,0,1,1,0,0,2,1,0,1,2,2,0,0,2,3,2,3,8,0,0,1
2830,95,1,2,1,0,1,1,0,0,0,0,0,1,0,0,0,0,0,2,2,2,7,0,2,0
4143,96,1,2,1,0,1,0,0,0,1,0,0,1,1,1,1,0,0,2,2,2,7,0,0,1
836,97,1,2,1,0,1,0,0,0,2,0,0,1,2,0,0,0,0,3,2,3,12,0,0,1
4143,98,1,1,1,0,1,1,0,2,2,0,0,2,1,0,0,0,0,2,1,1,0,0,0,0
1792,99,1,1,1,0,1,1,0,0,0,0,0,0,2,2,0,0,0,2,2,2,5,0,0,1
217,100,1,1,1,0,1,1,0,1,2,1,0,0,2,2,0,1,0,2,2,2,8,0,0,1
5943,101,1,2,2,0,1,0,0,0,0,0,0,0,0,0,0,0,1,2,1,1,0,0,2,0
5567,102,1,1,1,0,1,0,0,0,0,1,0,0,3,2,1,2,0,3,2,3,11,0,0,0
4143,103,0,2,1,0,1,0,0,7,0,0,0,1,0,0,0,0,1,1,2,1,0,0,0,1
250,103,1,2,2,0,1,1,0,0,0,0,0,0,0,0,0,0,0,2,1,1,0,0,2,0
4253,103,1,2,2,0,1,1,0,4,0,0,0,1,1,0,0,5,0,3,2,3,4,0,0,0
5501,104,0,2,1,0,1,1,0,1,0,0,0,0,1,0,0,0,0,2,2,2,10,0,1,0
3707,104,0,2,1,0,1,1,0,3,3,1,0,1,0,3,0,0,0,3,2,3,7,0,0,1
5811,104,0,2,1,0,1,1,0,0,0,0,0,2,3,0,0,0,1,1,2,1,0,0,1,1
16,104,1,1,1,0,1,1,0,3,0,0,0,0,2,1,0,1,0,3,2,3,9,0,0,1
353,105,1,2,2,0,1,1,0,1,0,0,0,0,0,0,0,0,0,2,2,2,13,0,2,0
3604,105,1,2,2,0,1,1,0,6,2,2,0,0,2,0,0,0,0,2,1,1,0,0,0,0
3146,105,0,1,1,0,1,1,0,0,0,0,0,2,0,0,0,1,0,1,2,1,0,0,0,0
88,105,0,2,1,0,1,1,0,4,3,0,0,1,1,0,0,0,1,2,2,2,3,0,0,0
449,107,0,1,1,0,1,1,0,4,0,0,0,1,1,0,0,0,3,2,2,2,4,0,0,0
3044,106,0,2,2,0,1,1,0,3,2,1,0,0,0,0,0,0,0,2,2,2,5,0,0,0
5348,108,0,2,2,0,1,1,0,5,1,0,0,1,0,0,0,1,0,1,2,1,0,0,0,1
449,107,0,1,1,0,1,1,0,4,0,0,0,1,1,0,0,0,3,2,2,2,4,0,0,0
3542,106,0,1,1,0,1,1,0,0,0,1,3,1,2,2,2,0,0,3,2,3,10,0,0,0
7673,107,0,2,1,0,1,0,0,0,0,0,0,0,1,0,0,0,0,0,0,0,0,1,2,0
5084,108,0,1,1,0,1,0,0,0,0,0,0,1,2,0,0,3,0,3,1,2,15,0,0,1
3667,109,0,1,1,0,1,0,0,5,0,0,0,1,0,0,0,1,2,3,2,3,8,0,0,1
6401,110,0,2,2,0,1,1,0,1,0,0,0,0,0,0,0,0,0,2,1,1,0,0,2,0
3618,104,1,2,1,0,1,0,0,0,0,0,0,1,0,0,0,0,0,2,1,1,0,0,2,0
2771,105,1,1,1,0,1,1,0,0,0,0,0,1,1,2,1,1,0,3,2,3,9,0,0,0
1781,106,1,2,1,0,1,0,0,0,0,0,0,1,0,0,0,0,0,3,2,3,6,0,2,0
191,108,1,2,1,0,1,0,0,0,0,0,0,1,0,0,0,0,0,1,2,1,0,0,2,0
1024,109,1,2,1,0,1,1,0,0,0,0,0,3,1,0,0,1,0,2,2,2,1,0,0,0
771,110,1,1,1,0,1,1,0,0,0,0,0,0,0,0,0,0,0,1,2,1,0,0,2,0
1218,110,0,1,1,0,1,1,0,1,0,0,0,1,1,2,0,0,1,3,2,3,7,0,0,2
503,106,1,1,1,0,1,1,0,0,0,2,2,1,0,2,2,0,2,2,2,2,7,0,0,0
3555,107,1,2,1,0,1,1,0,4,1,0,0,3,2,0,0,0,1,2,1,1,0,0,0,0
7462,108,1,2,1,0,1,0,0,3,0,0,0,1,0,0,0,1,2,1,2,1,0,0,0,1
1058,109,1,1,1,0,1,1,0,0,1,0,0,1,1,0,1,1,1,2,2,2,4,0,0,2
2502,110,1,2,1,0,1,0,0,6,0,0,0,2,0,0,0,0,0,2,2,2,7,0,0,1
1923,106,0,1,1,0,1,1,0,0,2,1,1,0,2,2,2,0,0,1,2,1,0,0,0,2
1792,107,0,1,1,0,1,1,0,0,0,0,0,1,1,2,0,0,0,3,2,3,16,0,0,2
6806,108,0,2,1,0,1,1,0,1,0,0,0,1,0,0,0,0,0,2,2,2,7,0,2,0
7651,109,0,2,2,0,1,0,0,1,0,0,0,0,0,0,0,0,0,1,2,1,0,0,2,0
2265,110,0,2,1,0,1,0,0,2,1,0,0,1,2,0,0,0,1,1,2,1,0,0,0,0
2830,106,1,2,1,0,1,1,0,2,2,0,0,1,2,0,0,0,1,2,2,2,12,0,0,0
7480,107,1,1,1,0,1,1,0,0,0,0,0,1,0,0,0,0,0,2,1,1,0,0,2,0
125,108,1,1,1,0,1,1,0,3,0,2,1,0,1,2,2,1,1,3,2,3,6,0,0,1
4481,110,1,1,1,0,1,0,0,0,0,0,0,0,2,0,0,1,0,3,2,3,6,0,0,2
51,111,0,2,1,0,1,0,0,4,0,0,0,0,0,0,0,1,0,3,2,3,5,0,0,1
3624,111,1,2,2,0,1,1,0,0,0,0,0,1,0,0,0,0,0,2,2,2,5,0,2,0
365,111,1,2,1,0,1,0,0,3,1,2,2,0,1,0,0,0,0,2,2,2,7,0,0,0
103,111,0,1,1,0,1,0,0,0,2,2,0,0,2,2,0,1,0,2,2,2,6,0,0,2
7885,109,1,2,1,0,1,1,0,0,0,0,0,0,1,0,0,0,0,2,2,2,4,0,2,1
5567,111,1,1,1,0,1,1,0,0,0,0,0,1,2,2,2,2,0,3,2,3,12,0,0,0
2500,112,1,2,1,0,1,0,0,0,0,0,0,0,0,0,0,1,0,1,2,1,0,0,2,0
3926,112,0,1,1,0,1,1,0,2,1,0,0,1,1,0,0,0,0,3,2,3,10,0,0,1
868,112,0,2,1,0,1,1,0,2,0,0,0,0,1,0,0,1,2,2,1,1,0,0,0,2
2791,111,0,1,1,0,1,1,0,1,2,0,2,1,2,2,2,0,0,2,2,2,3,0,0,0
3381,112,0,1,2,0,1,0,0,0,0,0,0,0,0,0,0,0,2,1,2,1,0,0,1,1
217,112,1,1,1,0,1,1,0,0,2,2,2,0,2,2,2,0,0,3,2,3,11,0,0,1
190,113,0,2,1,0,1,1,0,1,1,0,0,1,2,0,1,0,1,3,2,3,6,0,0,1
772,113,1,1,1,0,1,1,0,3,0,0,0,0,1,0,0,1,0,3,2,3,9,0,0,0
5951,113,1,1,1,0,1,1,0,0,0,0,0,0,1,0,0,0,0,2,1,1,0,0,2,0
1918,114,1,2,1,0,1,1,0,1,2,0,0,0,1,2,1,1,1,1,2,1,0,0,0,1
5943,114,0,2,2,0,1,0,0,2,0,0,0,0,0,0,0,0,0,2,1,1,0,0,1,1
7719,113,0,2,2,0,1,0,0,4,0,0,0,0,0,0,0,0,1,2,1,1,0,0,0,0
125,114,0,1,1,0,1,1,0,3,0,2,0,1,0,0,1,2,2,3,2,3,5,0,0,0
1317,113,0,1,1,0,1,0,0,0,0,0,0,1,1,0,0,0,0,2,2,2,14,0,0,0
250,114,0,2,2,0,1,0,0,1,0,0,0,0,0,0,0,0,0,0,0,0,0,0,2,0
2830,114,1,2,1,0,1,1,0,0,0,0,0,0,1,0,0,0,0,2,1,1,0,0,2,2
3542,82,1,1,1,0,1,1,0,3,2,0,0,1,2,0,0,1,2,3,2,3,8,0,0,2
6401,82,0,2,2,0,1,0,0,1,0,0,0,0,0,0,0,0,0,2,2,2,5,0,2,0
1690,112,1,2,1,0,1,1,1,4,2,2,0,2,1,2,1,0,2,0,0,0,0,0,0,1
225,113,1,2,1,0,1,1,0,0,2,1,2,0,2,2,2,1,0,2,1,1,0,0,0,0
1676,114,1,1,1,0,1,1,0,2,1,0,0,1,1,0,0,2,0,2,1,1,0,0,0,1
217,82,1,1,1,0,1,1,0,2,1,2,2,0,2,2,2,0,0,1,2,1,0,0,0,0
225,82,0,2,1,0,1,1,0,4,2,0,2,0,2,0,2,0,0,3,2,3,9,0,0,1
5084,82,1,2,1,0,1,1,0,0,0,0,0,1,0,0,0,0,0,2,2,2,6,0,2,0
3707,82,0,1,1,0,1,1,0,1,2,2,0,2,2,2,0,0,0,3,2,3,8,0,0,2
